RepoPath,Bytes,SHA256,Origin
.gitignore,53,f3cf537b5d5feb55c75e038cb185787946dac5fcec3002ac87a4eca5c6d6ff6d,Map_reproducibility_or_documentation
CITATION.cff,472,57a382e370525a84838fa1a88f17cd58bf6379bf47c3e0a8ef266f7f318d5ebc,Map_reproducibility_or_documentation
LICENSE,692,efa1865db746a4d7eca9d1561f0908ed03cb28f45542ccea8063dd1522cd7016,Map_reproducibility_or_documentation
README.md,3126,05599a82e730d31a35019a9424589aeb8648bd76770e78e41066ed97fc4b78e3,Map_reproducibility_or_documentation
audits/GSF_3858_Secondary_Source_Verification_v3_Audit.json,464,d7ffe1786b110857d6861dca4db47514f82f14b134e5f64b274e0a40e99920fc,D_Water_essential
audits/README.md,100,dce21e27dffe0bb64e64179305d5df06f304121031a3ad63ab5d16ace14b5cb3,Map_reproducibility_or_documentation
data/GSF_Geography_Country_ResearchIntensity_v1.csv,1735,f9a0dfb109f6a84df126e6e42d9fcfb3d527cd2da7fdb3107a4f5b1a6b8a5fb4,D_Water_essential
data/README.md,275,34b9c7b8643ee77f709687b4aea02ca9dbb676bbbf762e5253af7a457c1f745a,Map_reproducibility_or_documentation
data/screening/PRISMA_TITLE_ABSTRACT_FREEZE_SUMMARY.csv,266,1b8e17af9a8a1b3f2ba394595066c0f8b162d2ef681317c8ba7076e3ce59ce92,D_Water_essential
data/screening/README.md,225,7ee562869e42d16eb2b0d16762134849cecf883e963073b4a7528554500b03b6,Map_reproducibility_or_documentation
data/synthesis/GSF_v169_Independence_Closed_and_Frozen_Effect_Table.xlsx,74928,3d53446f1f4e0c34370daaeb47cbaa92fd0ce32f9fe9d323fea622764bde4bbc,D_Water_essential
data/synthesis/GSF_v171_Quantitative_to_SPM_Synthesis_Bridge.xlsx,82976,a1d93ab99724dca7f7d2d6eb457fe7c0aac02c2432df24512c918c3e503cce15,D_Water_essential
data/synthesis/GSF_v173_Integrated_892_ControlDomain_Quantitative_Synthesis.xlsx,92790,4736b9c2b0747a0f6fd3182661b1584a2ab64d904755621c68dd6e8febfb3435,D_Water_essential
data/synthesis/GSF_v174_Final_Integrated_Results_Table4_Fig3-5_Specs.xlsx,98775,9909db338607ea74a6324a49c709e162b49c48ec0736bb06dc0b00e1e642767d,D_Water_essential
data/synthesis/README.md,300,433b9e5f75fea1ad955741ca7ebb4695be0c5ec51a9803a6061b436b960c8e4e,Map_reproducibility_or_documentation
figures/GSF_Integrated_Global_Evidence_Code_600dpi.pdf,216125,5c46dd9d23368d44af9e34476f7da57b9c8c1b0852617d26531b50fdcc136cd0,Map_reproducibility_or_documentation
figures/GSF_Integrated_Global_Evidence_Code_600dpi.png,4888938,d6565f5a7869dc4fcba7b3ebc43b5b48b12bb112d6c03a8ae050fcd98ffc7e11,Map_reproducibility_or_documentation
figures/GSF_Integrated_Global_Evidence_Code_600dpi.svg,522895,412afbcf9c9ee072b40fade0e2ce4b1e65171fe33caa5dd138e0e54744345aa8,Map_reproducibility_or_documentation
figures/source_exports/Figure3_Evidence_Occurrence_Heatmap_FINAL.png,1003424,c66f45d8d8716dcbd653f722681adbb085850b291713945ff8a6e9de0a147bdf,D_Water_essential
figures/source_exports/GSF_Figure3_Geographic_Research_Intensity_600dpi.png,714577,d8f648437fb123d37ecbf8301d4e27353577ce8d093e05ed1d867feb434c3d60,D_Water_essential
figures/source_exports/GSF_Figure3_Geological_Host_Settings_600dpi.png,311075,fbc4544dd9955aaff2316c91a3a2b57f4679da7b0fa50f2fa0be6dfb8b2b8025,D_Water_essential
figures/source_exports/GSF_Figure4_SPM_Process_Modifier_Matrix_600dpi.png,511551,4cbf3b3ea9e2dd73116e27fc1e80b69ba13d38a5195f92b53ebf4c03d893ac42,D_Water_essential
figures/source_exports/GSF_Figure5_Integrated_Fluoride_SPM_Quantitative_600dpi.png,612822,c2711292e412208d007a9e15b071d4f694ee4fbc3473444a72eb8c490eaa2178,D_Water_essential
figures/source_exports/GSF_Figure_Quantitative_Fluoride_Heterogeneity_600dpi.png,357191,2ded3ce97e8211db2bc6ac36fab158806b90ef288b0d71e55acf8f44e2da931f,D_Water_essential
figures/source_exports/GSF_Figure_SPM_WithinStudy_Contrasts_600dpi.png,330729,9eac91e6784ca1af4f7ef645471c0e143feeb8760c46adba354921d0aeb177ba,D_Water_essential
requirements.txt,73,f206742e104eb26797c46ef4d2fd406a077ea2bd9c2a92742327c9904a631375,Map_reproducibility_or_documentation
src/build_gsf_integrated.py,4292,77c45bacb966134bc52564cf3d19e81870699221860dc632a552cc00e56126da,Map_reproducibility_or_documentation
tests/check_data.py,810,80a275113461340d575924d55ce7f1e28de531cf9eddeef1b87581caaf903ca7,Map_reproducibility_or_documentation
tests/check_package.py,390,b6b0ff10f2782d26a4e9e123127bfbfe0a5c3baf07ce9ce3ba534139df47f8d2,Map_reproducibility_or_documentation
basemap/naturalearth_lowres.cpg,10,09fc313075748ce8ead962229ed89c919d5a9ff71974ee725a0b48bb87d975a2,Natural Earth low-resolution country boundaries
basemap/naturalearth_lowres.dbf,48869,d2ae1c99adcf8e4586a5b12c639672035fa2f3f469e7255947de00401c3ed7e1,Natural Earth low-resolution country boundaries
basemap/naturalearth_lowres.prj,143,98aaf3d1c0ecadf1a424a4536de261c3daf4e373697cb86c40c43b989daf52eb,Natural Earth low-resolution country boundaries
basemap/naturalearth_lowres.shp,180924,08e341606e8391e458c3f08deb312de664b56bfae376064c5aa0aee6681a5f55,Natural Earth low-resolution country boundaries
basemap/naturalearth_lowres.shx,1516,8b0be2ad97dd484aee5c2ebc98697d5372e832b8ae58a35a661aeef6b985668d,Natural Earth low-resolution country boundaries
