RepoPath,Bytes,SHA256,Origin
.gitignore,49,cf6ded4a6f680b5f2fbc5a197337568d1fa6bb38dff675d0bc7cc5f5135e3f31,Map_reproducibility_or_documentation
CITATION.cff,455,62b87d837899d1b0cef3d91e197fc6d3501db414c363105bd925b786df33b647,Map_reproducibility_or_documentation
LICENSE,677,6f4fc851b8039254d082fd86dfdbfd5b0ae0a998929f685b3d551cdc930279a9,Map_reproducibility_or_documentation
README.md,3088,065bb95b58a372b62320f9fb6071081156bbecd5d9454f2948b057b5b5a35662,Map_reproducibility_or_documentation
audits/GSF_3858_Secondary_Source_Verification_v3_Audit.json,449,11e7c9b2de3d3c1e7afd911f98c4850447cef00914b3570c5dd2b7f07372cce6,D_Water_essential
audits/README.md,99,5c1474f8608050fd10b9ff450c17f8c7d07b10a7c7eb0c8830f83a1da2714d1d,Map_reproducibility_or_documentation
data/GSF_Geography_Country_ResearchIntensity_v1.csv,1648,c2c459b6b7e518e4b10c2ec27983911b1bf714e442bd88b91c113dceac7dc9a3,D_Water_essential
data/README.md,274,5adf23f8f541ee8b2328095de440ae355f67696bb4b7cb34195fa21f19f5d344,Map_reproducibility_or_documentation
data/screening/PRISMA_TITLE_ABSTRACT_FREEZE_SUMMARY.csv,255,c49aa3ba89272d34ec24666e71ffdafee2c508144163f4a8c04e83043a8a7e72,D_Water_essential
data/screening/README.md,224,91557445a48a1bd03fba7ef099e3668c60355c4add1030fec06de0d835caf4a5,Map_reproducibility_or_documentation
data/synthesis/GSF_v169_Independence_Closed_and_Frozen_Effect_Table.xlsx,74928,3d53446f1f4e0c34370daaeb47cbaa92fd0ce32f9fe9d323fea622764bde4bbc,D_Water_essential
data/synthesis/GSF_v171_Quantitative_to_SPM_Synthesis_Bridge.xlsx,82976,a1d93ab99724dca7f7d2d6eb457fe7c0aac02c2432df24512c918c3e503cce15,D_Water_essential
data/synthesis/GSF_v173_Integrated_892_ControlDomain_Quantitative_Synthesis.xlsx,92790,4736b9c2b0747a0f6fd3182661b1584a2ab64d904755621c68dd6e8febfb3435,D_Water_essential
data/synthesis/GSF_v174_Final_Integrated_Results_Table4_Fig3-5_Specs.xlsx,98775,9909db338607ea74a6324a49c709e162b49c48ec0736bb06dc0b00e1e642767d,D_Water_essential
data/synthesis/README.md,299,0b72a7aa46aa8e2bf4e2ac5a28a598c18ead386b90ab527e70dbd3df9fd50ef0,Map_reproducibility_or_documentation
figures/GSF_Integrated_Global_Evidence_Code_600dpi.pdf,231008,3e1f97d52f46641b789003946081f997c9b0c214e851a59a4d83f4cdd8b216c9,Map_reproducibility_or_documentation
figures/GSF_Integrated_Global_Evidence_Code_600dpi.png,5099391,32c12da2f7356a69c3cdaf07509cb49703daeceb6bc9b88773ddbfd8254b9f6b,Map_reproducibility_or_documentation
figures/GSF_Integrated_Global_Evidence_Code_600dpi.svg,527884,4a4d125b833af7c6b063f40c25e73f3f20fdb1972d9200956cefd1b5e029c229,Map_reproducibility_or_documentation
figures/source_exports/Figure3_Evidence_Occurrence_Heatmap_FINAL.png,1003424,c66f45d8d8716dcbd653f722681adbb085850b291713945ff8a6e9de0a147bdf,D_Water_essential
figures/source_exports/GSF_Figure3_Geographic_Research_Intensity_600dpi.png,714577,d8f648437fb123d37ecbf8301d4e27353577ce8d093e05ed1d867feb434c3d60,D_Water_essential
figures/source_exports/GSF_Figure3_Geological_Host_Settings_600dpi.png,311075,fbc4544dd9955aaff2316c91a3a2b57f4679da7b0fa50f2fa0be6dfb8b2b8025,D_Water_essential
figures/source_exports/GSF_Figure4_SPM_Process_Modifier_Matrix_600dpi.png,511551,4cbf3b3ea9e2dd73116e27fc1e80b69ba13d38a5195f92b53ebf4c03d893ac42,D_Water_essential
figures/source_exports/GSF_Figure5_Integrated_Fluoride_SPM_Quantitative_600dpi.png,612822,c2711292e412208d007a9e15b071d4f694ee4fbc3473444a72eb8c490eaa2178,D_Water_essential
figures/source_exports/GSF_Figure_Quantitative_Fluoride_Heterogeneity_600dpi.png,357191,2ded3ce97e8211db2bc6ac36fab158806b90ef288b0d71e55acf8f44e2da931f,D_Water_essential
figures/source_exports/GSF_Figure_SPM_WithinStudy_Contrasts_600dpi.png,330729,9eac91e6784ca1af4f7ef645471c0e143feeb8760c46adba354921d0aeb177ba,D_Water_essential
requirements.txt,68,ad1f38e56788c2e0dc86c79edf7e49dd24deb6dda2316a300309d32cdb72b1e6,Map_reproducibility_or_documentation
src/build_gsf_integrated.py,4271,4f4a2b4c9d4980a926592a3fa1e4560ad6218494038fbc1f4d37f9ec46cc8568,Map_reproducibility_or_documentation
tests/check_data.py,795,25f7a81eb7ed5015a73a146a0ee5508a3c78591a4677dff4120091cb7003d311,Map_reproducibility_or_documentation
tests/check_package.py,380,b81cdcb8e11710a5324cee3556f1fb63f7e052a4e3e308803b2ac5cbc7d4eaa6,Map_reproducibility_or_documentation
