Country,Records,As,F,U,Cr
India,222,25,177,31,10
China,140,33,96,7,13
United States,64,32,5,21,10
Pakistan,37,11,27,0,4
Bangladesh,25,22,5,0,0
Mexico,17,9,10,4,0
Italy,17,11,3,3,3
Iran,15,4,10,1,2
Argentina,12,11,4,0,0
Canada,12,3,2,8,0
Ghana,11,1,9,1,1
Saudi Arabia,10,1,8,2,2
Ethiopia,10,1,10,0,0
Greece,9,1,0,1,7
Brazil,9,0,3,4,2
Tanzania,8,0,8,0,0
Sweden,7,2,2,5,0
Sri Lanka,7,2,6,1,0
Turkey,7,4,3,0,1
Nigeria,7,1,3,2,1
Spain,6,4,0,4,1
Vietnam,6,6,0,0,0
France,5,3,1,2,0
Tunisia,5,0,2,2,1
South Africa,5,0,1,3,1
Finland,4,2,2,1,0
Japan,4,0,3,1,0
Australia,4,0,1,3,0
Germany,4,0,1,3,0
Serbia,3,1,1,1,0
Norway,3,1,2,1,0
Ireland,3,1,0,2,0
Portugal,3,1,1,2,0
USA,3,1,0,2,0
Czech Republic,3,1,0,0,2
South Korea,3,0,2,1,0
Mongolia,3,1,0,2,0
Russia,3,0,0,2,1
Morocco,2,1,1,0,0
Chile,2,2,0,0,0
Estonia,2,1,2,0,0
Iceland,2,1,1,0,1
Thailand,2,1,1,0,0
Croatia,2,2,0,0,0
Cambodia,2,2,0,0,0
Taiwan,2,2,0,0,0
Indonesia,2,1,1,0,0
Hungary,2,0,1,1,0
Switzerland,2,0,1,1,0
Afghanistan,2,0,2,0,0
Kenya,2,0,2,0,0
Benin,2,0,2,0,0
Cameroon,2,0,2,0,0
Malawi,2,0,2,0,0
Algeria,2,0,1,1,0
United Arab Emirates,2,0,0,0,2
Peru,1,1,0,0,0
Costa Rica,1,1,0,0,0
Bolivia,1,1,0,0,0
Denmark,1,1,1,0,0
Latvia,1,1,1,0,0
Lithuania,1,1,1,0,0
Mali,1,1,0,0,0
Laos,1,1,0,1,0
Myanmar,1,1,0,0,0
Cambodia/Vietnam,1,1,0,0,0
Belgium,1,1,0,0,0
New Zealand,1,1,0,0,0
Netherlands,1,1,0,0,0
Kuwait,1,0,1,0,0
Türkiye,1,0,1,0,0
Niger,1,0,1,0,0
Senegal,1,0,1,0,0
Poland,1,0,1,0,0
Yemen,1,0,1,0,0
Sudan,1,0,1,0,0
Slovakia,1,0,1,0,0
Jordan,1,0,0,1,0
American Samoa,1,0,0,1,0
Burundi,1,0,0,1,0
Iraq,1,0,0,1,0
Gabon,1,0,0,1,0
Kazakhstan,1,0,0,1,0
Barbados,1,0,0,1,0
Austria,1,1,0,0,0
Jersey,1,0,0,0,1
